day_t,approx_expected_renewals_t_over_mean,long_run_renewal_rate_1_over_mean
0,0.0,0.32258064516129037
1,0.32258064516129037,0.32258064516129037
2,0.6451612903225807,0.32258064516129037
3,0.9677419354838711,0.32258064516129037
4,1.2903225806451615,0.32258064516129037
5,1.6129032258064517,0.32258064516129037
6,1.9354838709677422,0.32258064516129037
7,2.2580645161290325,0.32258064516129037
8,2.580645161290323,0.32258064516129037
9,2.9032258064516134,0.32258064516129037
10,3.2258064516129035,0.32258064516129037
11,3.548387096774194,0.32258064516129037
12,3.8709677419354844,0.32258064516129037
13,4.193548387096775,0.32258064516129037
14,4.516129032258065,0.32258064516129037
15,4.838709677419355,0.32258064516129037
16,5.161290322580646,0.32258064516129037
17,5.483870967741936,0.32258064516129037
18,5.806451612903227,0.32258064516129037
19,6.129032258064517,0.32258064516129037
20,6.451612903225807,0.32258064516129037
21,6.774193548387098,0.32258064516129037
22,7.096774193548388,0.32258064516129037
23,7.419354838709678,0.32258064516129037
24,7.741935483870969,0.32258064516129037
25,8.06451612903226,0.32258064516129037
26,8.38709677419355,0.32258064516129037
27,8.70967741935484,0.32258064516129037
28,9.03225806451613,0.32258064516129037
29,9.35483870967742,0.32258064516129037
30,9.67741935483871,0.32258064516129037
