day_t,simulated_average_renewals,simulated_probability_at_least_1_renewal,simulated_probability_at_least_5_renewals
0,0.0,0.0,0.0
1,0.1005,0.1005,0.0
2,0.3057,0.2961,0.0
3,0.7018,0.6501,0.0
4,1.0165,0.8502,0.0
5,1.3651,1.0,0.0
6,1.6563,1.0,0.0002
7,1.9719,1.0,0.0005
8,2.3124,1.0,0.0017
9,2.6318,1.0,0.0083
10,2.9549,1.0,0.0279
11,3.2776,1.0,0.064
12,3.6026,1.0,0.13
13,3.9289,1.0,0.227
14,4.2476,1.0,0.3514
15,4.5743,1.0,0.5009
16,4.8941,1.0,0.645
17,5.2209,1.0,0.7752
18,5.5435,1.0,0.8731
19,5.8643,1.0,0.9383
20,6.184,1.0,0.9722
21,6.5119,1.0,0.9905
22,6.8373,1.0,0.9977
23,7.1582,1.0,0.9994
24,7.4828,1.0,0.9999
25,7.807,1.0,1.0
26,8.1312,1.0,1.0
27,8.4516,1.0,1.0
28,8.7716,1.0,1.0
29,9.0967,1.0,1.0
30,9.4216,1.0,1.0
