generation,path_1,path_2,path_3,path_4,path_5,path_6,path_7,path_8,path_9,path_10,path_11,path_12,path_13,path_14,path_15,path_16,path_17,path_18,path_19,path_20
0,1,1,1,1,1,1,1,1,1,1,1,1,1,1,1,1,1,1,1,1
1,1,0,1,1,2,1,2,1,0,0,1,3,0,3,1,1,2,0,1,1
2,0,0,2,1,0,0,3,1,0,0,1,1,0,4,0,3,1,0,1,0
3,0,0,4,2,0,0,2,1,0,0,2,1,0,6,0,3,3,0,0,0
4,0,0,4,4,0,0,0,1,0,0,3,1,0,4,0,2,2,0,0,0
5,0,0,4,3,0,0,0,1,0,0,3,0,0,5,0,3,4,0,0,0
6,0,0,3,3,0,0,0,3,0,0,3,0,0,5,0,4,5,0,0,0
7,0,0,4,5,0,0,0,3,0,0,3,0,0,9,0,4,6,0,0,0
8,0,0,6,5,0,0,0,4,0,0,6,0,0,10,0,4,9,0,0,0
9,0,0,3,6,0,0,0,7,0,0,7,0,0,11,0,7,5,0,0,0
10,0,0,3,6,0,0,0,5,0,0,9,0,0,9,0,4,3,0,0,0
